model_id,n,freq
M7,8175,0.5110013751718965
M6,7823,0.4889986248281035
