RMSE_selected,MAE_selected,RMSE_baseline,MAE_baseline,n_predictions
1.3150756499041967,0.8826680357029384,1.3473385169450265,0.9153855568350041,41195
